geo,Municipio,Año,Porcentaje,Tipo
15664,San José de Pare,2021,99.963339,Permanente
15185,Chitaraque,2021,99.714061,Permanente
15686,Santana,2021,99.211178,Permanente
15816,Togüí,2021,99.274250,Permanente
15469,Moniquirá,2021,98.632077,Permanente
15740,Siachoque,2021,0.059375,Permanente
15861,Ventaquemada,2021,0.738264,Permanente
15632,Saboyá,2021,5.485283,Permanente
15047,Aquitania,2021,1.717862,Permanente
15001,Tunja,2021,0.002406,Permanente
15407,Villa de Leyva,2021,0.486659,Permanente
15814,Toca,2021,1.414375,Permanente
15646,Samacá,2021,0.033133,Permanente
15764,Soracá,2021,0.836818,Permanente
15051,Arcabuco,2021,4.002680,Permanente
15804,Tibaná,2021,89.448104,Permanente
15455,Miraflores,2021,84.237812,Permanente
15442,Maripí,2021,95.684384,Permanente
15212,Coper,2021,97.112695,Permanente
15476,Motavita,2021,0.032950,Permanente
15232,Chíquiza,2021,0.000000,Permanente
15776,Sutamarchán,2021,5.848370,Permanente
15204,Cómbita,2021,14.238170,Permanente
15839,Tutazá,2021,0.783220,Permanente
15842,Úmbita,2021,15.696042,Permanente
15531,Pauna,2021,94.756357,Permanente
15367,Jenesano,2021,41.935606,Permanente
15494,Nuevo Colón,2021,69.567447,Permanente
15763,Sotaquirá,2021,19.684994,Permanente
15835,Turmequé,2021,43.018618,Permanente
15109,Buenavista,2021,86.891880,Permanente
15104,Boyacá,2021,1.771259,Permanente
15696,Santa Sofía,2021,44.093992,Permanente
15806,Tibasosa,2021,1.042834,Permanente
15822,Tota,2021,0.666095,Permanente
15755,Socotá,2021,21.861523,Permanente
15542,Pesca,2021,0.105860,Permanente
15580,Quípama,2021,85.960615,Permanente
15638,Sáchica,2021,0.000000,Permanente
15224,Cucaita,2021,0.426783,Permanente
15832,Tununguá,2021,96.238148,Permanente
15189,Ciénega,2021,35.995847,Permanente
15600,Ráquira,2021,8.569431,Permanente
15087,Belén,2021,0.996126,Permanente
15599,Ramiriquí,2021,31.786359,Permanente
15507,Otanche,2021,98.750817,Permanente
15879,Viracachá,2021,3.777986,Permanente
15368,Jericó,2021,1.059294,Permanente
15480,Muzo,2021,90.687405,Permanente
15759,Sogamoso,2021,0.590080,Permanente
15131,Caldas,2021,7.139731,Permanente
15762,Sora,2021,0.000000,Permanente
15425,Macanal,2021,58.684011,Permanente
15491,Nobsa,2021,1.934073,Permanente
15511,Pachavita,2021,38.337721,Permanente
15293,Gachantivá,2021,65.385618,Permanente
15897,Zetaquira,2021,84.523575,Permanente
15837,Tuta,2021,22.394414,Permanente
15176,Chiquinquirá,2021,11.214757,Permanente
15325,Guayatá,2021,68.060876,Permanente
15218,Covarachía,2021,18.227675,Permanente
15238,Duitama,2021,11.037523,Permanente
15296,Gámeza,2021,0.277592,Permanente
15097,Boavita,2021,68.136878,Permanente
15272,Firavitoba,2021,0.306507,Permanente
15500,Oicatá,2021,27.227061,Permanente
15180,Chiscas,2021,31.667358,Permanente
15380,La Capilla,2021,18.641279,Permanente
15106,Briceño,2021,96.722026,Permanente
15798,Tenza,2021,44.868409,Permanente
15183,Chita,2021,21.022932,Permanente
15774,Susacón,2021,16.303879,Permanente
15681,San Pablo de Borbur,2021,89.251685,Permanente
15516,Paipa,2021,37.470343,Permanente
15377,Labranzagrande,2021,81.039288,Permanente
15572,Puerto Boyacá,2021,55.807993,Permanente
15514,Páez,2021,94.657417,Permanente
15226,Cuítiva,2021,2.583139,Permanente
15660,San Eduardo,2021,96.485575,Permanente
15236,Chivor,2021,95.491791,Permanente
15808,Tinjacá,2021,6.228332,Permanente
15187,Chivatá,2021,0.000000,Permanente
15022,Almeida,2021,81.381760,Permanente
15753,Soatá,2021,55.829562,Permanente
15244,El Cocuy,2021,0.000000,Permanente
15135,Campohermoso,2021,88.622056,Permanente
15673,San Mateo,2021,58.867048,Permanente
15522,Panqueba,2021,5.160411,Permanente
15518,Pajarito,2021,95.549587,Permanente
15693,Santa Rosa de Viterbo,2021,1.377829,Permanente
15820,Tópaga,2021,9.928688,Permanente
15172,Chinavita,2021,81.722165,Permanente
15215,Corrales,2021,8.414193,Permanente
15464,Mongua,2021,4.335424,Permanente
15466,Monguí,2021,1.984082,Permanente
15810,Tipacoque,2021,71.836975,Permanente
15621,Rondón,2021,71.694505,Permanente
15090,Berbeo,2021,61.096747,Permanente
15667,San Luis de Gaceno,2021,22.760288,Permanente
15720,Sativanorte,2021,7.721744,Permanente
15299,Garagoa,2021,67.905784,Permanente
15317,Guacamayas,2021,49.604690,Permanente
15690,Santa María,2021,88.949039,Permanente
15676,San Miguel de Sema,2021,17.549972,Permanente
15778,Sutatenza,2021,36.432577,Permanente
15092,Betéitiva,2021,4.130884,Permanente
15761,Somondoco,2021,60.631549,Permanente
15248,El Espino,2021,19.741627,Permanente
15757,Socha,2021,3.158016,Permanente
15403,La Uvita,2021,15.109324,Permanente
15533,Paya,2021,90.016000,Permanente
15223,Cubará,2021,69.933739,Permanente
15332,GÜICÁN DE LA SIERRA,2021,0.000000,Permanente
15162,Cerinza,2021,1.645978,Permanente
15401,La Victoria,2021,82.657285,Permanente
15790,Tasco,2021,12.621324,Permanente
15322,Guateque,2021,19.725034,Permanente
15550,Pisba,2021,89.249504,Permanente
15537,Paz de Río,2021,2.366933,Permanente
15362,Iza,2021,19.072292,Permanente
15276,Floresta,2021,7.131931,Permanente
15723,Sativasur,2021,4.252605,Permanente
15114,Busbanzá,2021,0.000000,Permanente
15664,San José de Pare,2021,0.036661,Transitorio
15185,Chitaraque,2021,0.285939,Transitorio
15686,Santana,2021,0.788822,Transitorio
15816,Togüí,2021,0.725750,Transitorio
15469,Moniquirá,2021,1.367923,Transitorio
15740,Siachoque,2021,99.940625,Transitorio
15861,Ventaquemada,2021,99.261736,Transitorio
15632,Saboyá,2021,94.514717,Transitorio
15047,Aquitania,2021,98.282138,Transitorio
15001,Tunja,2021,99.997594,Transitorio
15407,Villa de Leyva,2021,99.513341,Transitorio
15814,Toca,2021,98.585625,Transitorio
15646,Samacá,2021,99.966867,Transitorio
15764,Soracá,2021,99.163182,Transitorio
15051,Arcabuco,2021,95.997320,Transitorio
15804,Tibaná,2021,10.551896,Transitorio
15455,Miraflores,2021,15.762188,Transitorio
15442,Maripí,2021,4.315616,Transitorio
15212,Coper,2021,2.887305,Transitorio
15476,Motavita,2021,99.967050,Transitorio
15232,Chíquiza,2021,100.000000,Transitorio
15776,Sutamarchán,2021,94.151630,Transitorio
15204,Cómbita,2021,85.761830,Transitorio
15839,Tutazá,2021,99.216780,Transitorio
15842,Úmbita,2021,84.303958,Transitorio
15531,Pauna,2021,5.243643,Transitorio
15367,Jenesano,2021,58.064394,Transitorio
15494,Nuevo Colón,2021,30.432553,Transitorio
15763,Sotaquirá,2021,80.315006,Transitorio
15835,Turmequé,2021,56.981382,Transitorio
15109,Buenavista,2021,13.108120,Transitorio
15104,Boyacá,2021,98.228741,Transitorio
15696,Santa Sofía,2021,55.906008,Transitorio
15806,Tibasosa,2021,98.957166,Transitorio
15822,Tota,2021,99.333905,Transitorio
15755,Socotá,2021,78.138477,Transitorio
15542,Pesca,2021,99.894140,Transitorio
15580,Quípama,2021,14.039385,Transitorio
15638,Sáchica,2021,100.000000,Transitorio
15224,Cucaita,2021,99.573217,Transitorio
15832,Tununguá,2021,3.761852,Transitorio
15189,Ciénega,2021,64.004153,Transitorio
15600,Ráquira,2021,91.430569,Transitorio
15087,Belén,2021,99.003874,Transitorio
15599,Ramiriquí,2021,68.213641,Transitorio
15507,Otanche,2021,1.249183,Transitorio
15879,Viracachá,2021,96.222014,Transitorio
15368,Jericó,2021,98.940706,Transitorio
15480,Muzo,2021,9.312595,Transitorio
15759,Sogamoso,2021,99.409920,Transitorio
15131,Caldas,2021,92.860269,Transitorio
15762,Sora,2021,100.000000,Transitorio
15425,Macanal,2021,41.315989,Transitorio
15491,Nobsa,2021,98.065927,Transitorio
15511,Pachavita,2021,61.662279,Transitorio
15293,Gachantivá,2021,34.614382,Transitorio
15897,Zetaquira,2021,15.476425,Transitorio
15837,Tuta,2021,77.605586,Transitorio
15176,Chiquinquirá,2021,88.785243,Transitorio
15325,Guayatá,2021,31.939124,Transitorio
15218,Covarachía,2021,81.772325,Transitorio
15238,Duitama,2021,88.962477,Transitorio
15296,Gámeza,2021,99.722408,Transitorio
15097,Boavita,2021,31.863122,Transitorio
15272,Firavitoba,2021,99.693493,Transitorio
15500,Oicatá,2021,72.772939,Transitorio
15180,Chiscas,2021,68.332642,Transitorio
15380,La Capilla,2021,81.358721,Transitorio
15106,Briceño,2021,3.277974,Transitorio
15798,Tenza,2021,55.131591,Transitorio
15183,Chita,2021,78.977068,Transitorio
15774,Susacón,2021,83.696121,Transitorio
15681,San Pablo de Borbur,2021,10.748315,Transitorio
15516,Paipa,2021,62.529657,Transitorio
15377,Labranzagrande,2021,18.960712,Transitorio
15572,Puerto Boyacá,2021,44.192007,Transitorio
15514,Páez,2021,5.342583,Transitorio
15226,Cuítiva,2021,97.416861,Transitorio
15660,San Eduardo,2021,3.514425,Transitorio
15236,Chivor,2021,4.508209,Transitorio
15808,Tinjacá,2021,93.771668,Transitorio
15187,Chivatá,2021,100.000000,Transitorio
15022,Almeida,2021,18.618240,Transitorio
15753,Soatá,2021,44.170438,Transitorio
15244,El Cocuy,2021,100.000000,Transitorio
15135,Campohermoso,2021,11.377944,Transitorio
15673,San Mateo,2021,41.132952,Transitorio
15522,Panqueba,2021,94.839589,Transitorio
15518,Pajarito,2021,4.450413,Transitorio
15693,Santa Rosa de Viterbo,2021,98.622171,Transitorio
15820,Tópaga,2021,90.071312,Transitorio
15172,Chinavita,2021,18.277835,Transitorio
15215,Corrales,2021,91.585807,Transitorio
15464,Mongua,2021,95.664576,Transitorio
15466,Monguí,2021,98.015918,Transitorio
15810,Tipacoque,2021,28.163025,Transitorio
15621,Rondón,2021,28.305495,Transitorio
15090,Berbeo,2021,38.903253,Transitorio
15667,San Luis de Gaceno,2021,77.239712,Transitorio
15720,Sativanorte,2021,92.278256,Transitorio
15299,Garagoa,2021,32.094216,Transitorio
15317,Guacamayas,2021,50.395310,Transitorio
15690,Santa María,2021,11.050961,Transitorio
15676,San Miguel de Sema,2021,82.450028,Transitorio
15778,Sutatenza,2021,63.567423,Transitorio
15092,Betéitiva,2021,95.869116,Transitorio
15761,Somondoco,2021,39.368451,Transitorio
15248,El Espino,2021,80.258373,Transitorio
15757,Socha,2021,96.841984,Transitorio
15403,La Uvita,2021,84.890676,Transitorio
15533,Paya,2021,9.984000,Transitorio
15223,Cubará,2021,30.066261,Transitorio
15332,GÜICÁN DE LA SIERRA,2021,100.000000,Transitorio
15162,Cerinza,2021,98.354022,Transitorio
15401,La Victoria,2021,17.342715,Transitorio
15790,Tasco,2021,87.378676,Transitorio
15322,Guateque,2021,80.274966,Transitorio
15550,Pisba,2021,10.750496,Transitorio
15537,Paz de Río,2021,97.633067,Transitorio
15362,Iza,2021,80.927708,Transitorio
15276,Floresta,2021,92.868069,Transitorio
15723,Sativasur,2021,95.747395,Transitorio
15114,Busbanzá,2021,100.000000,Transitorio
15664,San José de Pare,2020,99.930049,Permanente
15185,Chitaraque,2020,99.703799,Permanente
15686,Santana,2020,99.168259,Permanente
15816,Togüí,2020,99.188828,Permanente
15469,Moniquirá,2020,97.247278,Permanente
15740,Siachoque,2020,0.066439,Permanente
15861,Ventaquemada,2020,1.350683,Permanente
15632,Saboyá,2020,8.176793,Permanente
15047,Aquitania,2020,0.179487,Permanente
15001,Tunja,2020,0.023707,Permanente
15407,Villa de Leyva,2020,0.246177,Permanente
15814,Toca,2020,1.432913,Permanente
15646,Samacá,2020,0.006471,Permanente
15764,Soracá,2020,1.310130,Permanente
15051,Arcabuco,2020,4.179254,Permanente
15804,Tibaná,2020,85.888552,Permanente
15455,Miraflores,2020,84.645296,Permanente
15442,Maripí,2020,86.499817,Permanente
15212,Coper,2020,93.656218,Permanente
15476,Motavita,2020,0.036987,Permanente
15232,Chíquiza,2020,0.000000,Permanente
15776,Sutamarchán,2020,16.547606,Permanente
15204,Cómbita,2020,7.398981,Permanente
15839,Tutazá,2020,0.195478,Permanente
15842,Úmbita,2020,13.936493,Permanente
15531,Pauna,2020,96.146153,Permanente
15367,Jenesano,2020,42.606793,Permanente
15494,Nuevo Colón,2020,71.092806,Permanente
15763,Sotaquirá,2020,37.452414,Permanente
15835,Turmequé,2020,33.485640,Permanente
15109,Buenavista,2020,83.684545,Permanente
15104,Boyacá,2020,1.626450,Permanente
15696,Santa Sofía,2020,42.145198,Permanente
15806,Tibasosa,2020,1.305596,Permanente
15822,Tota,2020,0.575801,Permanente
15755,Socotá,2020,25.555166,Permanente
15542,Pesca,2020,0.078946,Permanente
15580,Quípama,2020,80.474572,Permanente
15638,Sáchica,2020,0.000000,Permanente
15224,Cucaita,2020,0.077618,Permanente
15832,Tununguá,2020,95.596796,Permanente
15189,Ciénega,2020,40.699937,Permanente
15600,Ráquira,2020,6.244539,Permanente
15087,Belén,2020,1.427907,Permanente
15599,Ramiriquí,2020,25.416115,Permanente
15507,Otanche,2020,88.244807,Permanente
15879,Viracachá,2020,5.895315,Permanente
15368,Jericó,2020,0.815999,Permanente
15480,Muzo,2020,88.713425,Permanente
15759,Sogamoso,2020,0.670509,Permanente
15131,Caldas,2020,7.597896,Permanente
15762,Sora,2020,0.000000,Permanente
15425,Macanal,2020,85.460302,Permanente
15491,Nobsa,2020,2.396119,Permanente
15511,Pachavita,2020,31.715882,Permanente
15293,Gachantivá,2020,53.594606,Permanente
15897,Zetaquira,2020,90.563166,Permanente
15837,Tuta,2020,20.085052,Permanente
15176,Chiquinquirá,2020,11.386928,Permanente
15325,Guayatá,2020,48.194586,Permanente
15218,Covarachía,2020,24.760508,Permanente
15238,Duitama,2020,11.038539,Permanente
15296,Gámeza,2020,0.293158,Permanente
15097,Boavita,2020,71.957516,Permanente
15272,Firavitoba,2020,0.776870,Permanente
15500,Oicatá,2020,21.703857,Permanente
15180,Chiscas,2020,33.820061,Permanente
15380,La Capilla,2020,17.766048,Permanente
15106,Briceño,2020,98.657101,Permanente
15798,Tenza,2020,8.433555,Permanente
15183,Chita,2020,8.018012,Permanente
15774,Susacón,2020,16.746009,Permanente
15681,San Pablo de Borbur,2020,83.723903,Permanente
15516,Paipa,2020,32.681508,Permanente
15377,Labranzagrande,2020,85.205114,Permanente
15572,Puerto Boyacá,2020,43.776154,Permanente
15514,Páez,2020,80.763486,Permanente
15226,Cuítiva,2020,2.424571,Permanente
15660,San Eduardo,2020,95.015642,Permanente
15236,Chivor,2020,94.491664,Permanente
15808,Tinjacá,2020,10.162343,Permanente
15187,Chivatá,2020,0.546491,Permanente
15022,Almeida,2020,80.302597,Permanente
15753,Soatá,2020,52.020316,Permanente
15244,El Cocuy,2020,0.000000,Permanente
15135,Campohermoso,2020,68.123343,Permanente
15673,San Mateo,2020,75.069154,Permanente
15522,Panqueba,2020,9.138316,Permanente
15518,Pajarito,2020,87.742916,Permanente
15693,Santa Rosa de Viterbo,2020,0.618379,Permanente
15820,Tópaga,2020,0.000000,Permanente
15172,Chinavita,2020,83.952291,Permanente
15215,Corrales,2020,7.066813,Permanente
15464,Mongua,2020,0.343151,Permanente
15466,Monguí,2020,2.714713,Permanente
15810,Tipacoque,2020,41.481790,Permanente
15621,Rondón,2020,73.369186,Permanente
15090,Berbeo,2020,63.434456,Permanente
15667,San Luis de Gaceno,2020,14.626391,Permanente
15720,Sativanorte,2020,20.499322,Permanente
15299,Garagoa,2020,68.298026,Permanente
15317,Guacamayas,2020,53.076760,Permanente
15690,Santa María,2020,65.315428,Permanente
15676,San Miguel de Sema,2020,11.561550,Permanente
15778,Sutatenza,2020,40.219329,Permanente
15092,Betéitiva,2020,3.145536,Permanente
15761,Somondoco,2020,57.543911,Permanente
15248,El Espino,2020,22.906116,Permanente
15757,Socha,2020,0.235479,Permanente
15403,La Uvita,2020,28.006817,Permanente
15533,Paya,2020,64.266294,Permanente
15223,Cubará,2020,73.413617,Permanente
15332,GÜICÁN DE LA SIERRA,2020,0.000000,Permanente
15162,Cerinza,2020,6.876252,Permanente
15401,La Victoria,2020,61.219966,Permanente
15790,Tasco,2020,4.633384,Permanente
15322,Guateque,2020,9.318351,Permanente
15550,Pisba,2020,75.686478,Permanente
15537,Paz de Río,2020,1.478510,Permanente
15362,Iza,2020,21.128966,Permanente
15276,Floresta,2020,2.795971,Permanente
15723,Sativasur,2020,0.000000,Permanente
15114,Busbanzá,2020,0.000000,Permanente
15664,San José de Pare,2020,0.069951,Transitorio
15185,Chitaraque,2020,0.296201,Transitorio
15686,Santana,2020,0.831741,Transitorio
15816,Togüí,2020,0.811172,Transitorio
15469,Moniquirá,2020,2.752722,Transitorio
15740,Siachoque,2020,99.933561,Transitorio
15861,Ventaquemada,2020,98.649317,Transitorio
15632,Saboyá,2020,91.823207,Transitorio
15047,Aquitania,2020,99.820513,Transitorio
15001,Tunja,2020,99.976293,Transitorio
15407,Villa de Leyva,2020,99.753823,Transitorio
15814,Toca,2020,98.567087,Transitorio
15646,Samacá,2020,99.993529,Transitorio
15764,Soracá,2020,98.689870,Transitorio
15051,Arcabuco,2020,95.820746,Transitorio
15804,Tibaná,2020,14.111448,Transitorio
15455,Miraflores,2020,15.354704,Transitorio
15442,Maripí,2020,13.500183,Transitorio
15212,Coper,2020,6.343782,Transitorio
15476,Motavita,2020,99.963013,Transitorio
15232,Chíquiza,2020,100.000000,Transitorio
15776,Sutamarchán,2020,83.452394,Transitorio
15204,Cómbita,2020,92.601019,Transitorio
15839,Tutazá,2020,99.804522,Transitorio
15842,Úmbita,2020,86.063507,Transitorio
15531,Pauna,2020,3.853847,Transitorio
15367,Jenesano,2020,57.393207,Transitorio
15494,Nuevo Colón,2020,28.907194,Transitorio
15763,Sotaquirá,2020,62.547586,Transitorio
15835,Turmequé,2020,66.514360,Transitorio
15109,Buenavista,2020,16.315455,Transitorio
15104,Boyacá,2020,98.373550,Transitorio
15696,Santa Sofía,2020,57.854802,Transitorio
15806,Tibasosa,2020,98.694404,Transitorio
15822,Tota,2020,99.424199,Transitorio
15755,Socotá,2020,74.444834,Transitorio
15542,Pesca,2020,99.921054,Transitorio
15580,Quípama,2020,19.525428,Transitorio
15638,Sáchica,2020,100.000000,Transitorio
15224,Cucaita,2020,99.922382,Transitorio
15832,Tununguá,2020,4.403204,Transitorio
15189,Ciénega,2020,59.300063,Transitorio
15600,Ráquira,2020,93.755461,Transitorio
15087,Belén,2020,98.572093,Transitorio
15599,Ramiriquí,2020,74.583885,Transitorio
15507,Otanche,2020,11.755193,Transitorio
15879,Viracachá,2020,94.104685,Transitorio
15368,Jericó,2020,99.184001,Transitorio
15480,Muzo,2020,11.286575,Transitorio
15759,Sogamoso,2020,99.329491,Transitorio
15131,Caldas,2020,92.402104,Transitorio
15762,Sora,2020,100.000000,Transitorio
15425,Macanal,2020,14.539698,Transitorio
15491,Nobsa,2020,97.603881,Transitorio
15511,Pachavita,2020,68.284118,Transitorio
15293,Gachantivá,2020,46.405394,Transitorio
15897,Zetaquira,2020,9.436834,Transitorio
15837,Tuta,2020,79.914948,Transitorio
15176,Chiquinquirá,2020,88.613072,Transitorio
15325,Guayatá,2020,51.805414,Transitorio
15218,Covarachía,2020,75.239492,Transitorio
15238,Duitama,2020,88.961461,Transitorio
15296,Gámeza,2020,99.706842,Transitorio
15097,Boavita,2020,28.042484,Transitorio
15272,Firavitoba,2020,99.223130,Transitorio
15500,Oicatá,2020,78.296143,Transitorio
15180,Chiscas,2020,66.179939,Transitorio
15380,La Capilla,2020,82.233952,Transitorio
15106,Briceño,2020,1.342899,Transitorio
15798,Tenza,2020,91.566445,Transitorio
15183,Chita,2020,91.981988,Transitorio
15774,Susacón,2020,83.253991,Transitorio
15681,San Pablo de Borbur,2020,16.276097,Transitorio
15516,Paipa,2020,67.318492,Transitorio
15377,Labranzagrande,2020,14.794886,Transitorio
15572,Puerto Boyacá,2020,56.223846,Transitorio
15514,Páez,2020,19.236514,Transitorio
15226,Cuítiva,2020,97.575429,Transitorio
15660,San Eduardo,2020,4.984358,Transitorio
15236,Chivor,2020,5.508336,Transitorio
15808,Tinjacá,2020,89.837657,Transitorio
15187,Chivatá,2020,99.453509,Transitorio
15022,Almeida,2020,19.697403,Transitorio
15753,Soatá,2020,47.979684,Transitorio
15244,El Cocuy,2020,100.000000,Transitorio
15135,Campohermoso,2020,31.876657,Transitorio
15673,San Mateo,2020,24.930846,Transitorio
15522,Panqueba,2020,90.861684,Transitorio
15518,Pajarito,2020,12.257084,Transitorio
15693,Santa Rosa de Viterbo,2020,99.381621,Transitorio
15820,Tópaga,2020,100.000000,Transitorio
15172,Chinavita,2020,16.047709,Transitorio
15215,Corrales,2020,92.933187,Transitorio
15464,Mongua,2020,99.656849,Transitorio
15466,Monguí,2020,97.285287,Transitorio
15810,Tipacoque,2020,58.518210,Transitorio
15621,Rondón,2020,26.630814,Transitorio
15090,Berbeo,2020,36.565544,Transitorio
15667,San Luis de Gaceno,2020,85.373609,Transitorio
15720,Sativanorte,2020,79.500678,Transitorio
15299,Garagoa,2020,31.701974,Transitorio
15317,Guacamayas,2020,46.923240,Transitorio
15690,Santa María,2020,34.684572,Transitorio
15676,San Miguel de Sema,2020,88.438450,Transitorio
15778,Sutatenza,2020,59.780671,Transitorio
15092,Betéitiva,2020,96.854464,Transitorio
15761,Somondoco,2020,42.456089,Transitorio
15248,El Espino,2020,77.093884,Transitorio
15757,Socha,2020,99.764521,Transitorio
15403,La Uvita,2020,71.993183,Transitorio
15533,Paya,2020,35.733706,Transitorio
15223,Cubará,2020,26.586383,Transitorio
15332,GÜICÁN DE LA SIERRA,2020,100.000000,Transitorio
15162,Cerinza,2020,93.123748,Transitorio
15401,La Victoria,2020,38.780034,Transitorio
15790,Tasco,2020,95.366616,Transitorio
15322,Guateque,2020,90.681649,Transitorio
15550,Pisba,2020,24.313522,Transitorio
15537,Paz de Río,2020,98.521490,Transitorio
15362,Iza,2020,78.871034,Transitorio
15276,Floresta,2020,97.204029,Transitorio
15723,Sativasur,2020,100.000000,Transitorio
15114,Busbanzá,2020,100.000000,Transitorio
15664,San José de Pare,2019,99.917401,Permanente
15185,Chitaraque,2019,99.669439,Permanente
15686,Santana,2019,98.848000,Permanente
15816,Togüí,2019,98.608064,Permanente
15469,Moniquirá,2019,96.151182,Permanente
15740,Siachoque,2019,0.067981,Permanente
15861,Ventaquemada,2019,1.209156,Permanente
15632,Saboyá,2019,7.809700,Permanente
15047,Aquitania,2019,0.092401,Permanente
15001,Tunja,2019,0.026274,Permanente
15407,Villa de Leyva,2019,1.319349,Permanente
15814,Toca,2019,1.566986,Permanente
15646,Samacá,2019,0.000000,Permanente
15764,Soracá,2019,0.846611,Permanente
15051,Arcabuco,2019,3.835691,Permanente
15804,Tibaná,2019,86.847649,Permanente
15455,Miraflores,2019,89.121456,Permanente
15442,Maripí,2019,84.680484,Permanente
15212,Coper,2019,95.574528,Permanente
15476,Motavita,2019,0.262836,Permanente
15232,Chíquiza,2019,0.000000,Permanente
15776,Sutamarchán,2019,11.988606,Permanente
15204,Cómbita,2019,5.761545,Permanente
15839,Tutazá,2019,0.196641,Permanente
15842,Úmbita,2019,16.005822,Permanente
15531,Pauna,2019,92.048167,Permanente
15367,Jenesano,2019,47.328841,Permanente
15494,Nuevo Colón,2019,71.714922,Permanente
15763,Sotaquirá,2019,36.409530,Permanente
15835,Turmequé,2019,29.167946,Permanente
15109,Buenavista,2019,88.463994,Permanente
15104,Boyacá,2019,3.405470,Permanente
15696,Santa Sofía,2019,30.819444,Permanente
15806,Tibasosa,2019,1.169447,Permanente
15822,Tota,2019,0.410660,Permanente
15755,Socotá,2019,20.492699,Permanente
15542,Pesca,2019,0.003316,Permanente
15580,Quípama,2019,82.884878,Permanente
15638,Sáchica,2019,0.000000,Permanente
15224,Cucaita,2019,0.343390,Permanente
15832,Tununguá,2019,95.768174,Permanente
15189,Ciénega,2019,36.127906,Permanente
15600,Ráquira,2019,5.596178,Permanente
15087,Belén,2019,0.958408,Permanente
15599,Ramiriquí,2019,19.927395,Permanente
15507,Otanche,2019,92.771610,Permanente
15879,Viracachá,2019,3.961563,Permanente
15368,Jericó,2019,0.682850,Permanente
15480,Muzo,2019,86.592394,Permanente
15759,Sogamoso,2019,0.745902,Permanente
15131,Caldas,2019,7.180224,Permanente
15762,Sora,2019,0.000000,Permanente
15425,Macanal,2019,78.712514,Permanente
15491,Nobsa,2019,1.516990,Permanente
15511,Pachavita,2019,31.864661,Permanente
15293,Gachantivá,2019,66.291209,Permanente
15897,Zetaquira,2019,94.127028,Permanente
15837,Tuta,2019,16.745071,Permanente
15176,Chiquinquirá,2019,9.483401,Permanente
15325,Guayatá,2019,46.919639,Permanente
15218,Covarachía,2019,33.802736,Permanente
15238,Duitama,2019,10.307964,Permanente
15296,Gámeza,2019,0.000000,Permanente
15097,Boavita,2019,61.911389,Permanente
15272,Firavitoba,2019,0.189603,Permanente
15500,Oicatá,2019,21.554103,Permanente
15180,Chiscas,2019,25.189198,Permanente
15380,La Capilla,2019,30.041002,Permanente
15106,Briceño,2019,97.964967,Permanente
15798,Tenza,2019,13.292549,Permanente
15183,Chita,2019,11.182566,Permanente
15774,Susacón,2019,19.505893,Permanente
15681,San Pablo de Borbur,2019,87.035311,Permanente
15516,Paipa,2019,31.730658,Permanente
15377,Labranzagrande,2019,90.369654,Permanente
15572,Puerto Boyacá,2019,49.540337,Permanente
15514,Páez,2019,92.427366,Permanente
15226,Cuítiva,2019,1.313313,Permanente
15660,San Eduardo,2019,77.163095,Permanente
15236,Chivor,2019,93.656981,Permanente
15808,Tinjacá,2019,10.174382,Permanente
15187,Chivatá,2019,0.335453,Permanente
15022,Almeida,2019,75.950840,Permanente
15753,Soatá,2019,54.274496,Permanente
15244,El Cocuy,2019,0.000000,Permanente
15135,Campohermoso,2019,74.054424,Permanente
15673,San Mateo,2019,31.343679,Permanente
15522,Panqueba,2019,9.664000,Permanente
15518,Pajarito,2019,87.292278,Permanente
15693,Santa Rosa de Viterbo,2019,0.302556,Permanente
15820,Tópaga,2019,0.000000,Permanente
15172,Chinavita,2019,85.127186,Permanente
15215,Corrales,2019,6.931052,Permanente
15464,Mongua,2019,2.259312,Permanente
15466,Monguí,2019,3.234667,Permanente
15810,Tipacoque,2019,43.601537,Permanente
15621,Rondón,2019,72.988771,Permanente
15090,Berbeo,2019,64.482831,Permanente
15667,San Luis de Gaceno,2019,11.925709,Permanente
15720,Sativanorte,2019,20.318967,Permanente
15299,Garagoa,2019,68.880823,Permanente
15317,Guacamayas,2019,48.994913,Permanente
15690,Santa María,2019,69.226562,Permanente
15676,San Miguel de Sema,2019,13.022650,Permanente
15778,Sutatenza,2019,33.732790,Permanente
15092,Betéitiva,2019,2.156138,Permanente
15761,Somondoco,2019,48.155352,Permanente
15248,El Espino,2019,10.670223,Permanente
15757,Socha,2019,7.509669,Permanente
15403,La Uvita,2019,19.793366,Permanente
15533,Paya,2019,91.319654,Permanente
15223,Cubará,2019,72.460705,Permanente
15332,GÜICÁN DE LA SIERRA,2019,0.000000,Permanente
15162,Cerinza,2019,9.562956,Permanente
15401,La Victoria,2019,78.643196,Permanente
15790,Tasco,2019,5.889571,Permanente
15322,Guateque,2019,8.412341,Permanente
15550,Pisba,2019,81.451613,Permanente
15537,Paz de Río,2019,3.409091,Permanente
15362,Iza,2019,9.090909,Permanente
15276,Floresta,2019,2.490492,Permanente
15723,Sativasur,2019,0.000000,Permanente
15114,Busbanzá,2019,0.000000,Permanente
15664,San José de Pare,2019,0.081583,Transitorio
15185,Chitaraque,2019,0.329479,Transitorio
15686,Santana,2019,0.830427,Transitorio
15816,Togüí,2019,0.699553,Transitorio
15469,Moniquirá,2019,2.951798,Transitorio
15740,Siachoque,2019,78.946569,Transitorio
15861,Ventaquemada,2019,98.367526,Transitorio
15632,Saboyá,2019,99.913446,Transitorio
15047,Aquitania,2019,101.294171,Transitorio
15001,Tunja,2019,90.206383,Transitorio
15407,Villa de Leyva,2019,62.532628,Transitorio
15814,Toca,2019,81.813839,Transitorio
15646,Samacá,2019,128.003235,Transitorio
15764,Soracá,2019,105.028350,Transitorio
15051,Arcabuco,2019,117.470176,Transitorio
15804,Tibaná,2019,13.998413,Transitorio
15455,Miraflores,2019,14.230724,Transitorio
15442,Maripí,2019,14.872727,Transitorio
15212,Coper,2019,4.855108,Transitorio
15476,Motavita,2019,93.567921,Transitorio
15232,Chíquiza,2019,133.239052,Transitorio
15776,Sutamarchán,2019,101.656886,Transitorio
15204,Cómbita,2019,88.571595,Transitorio
15839,Tutazá,2019,100.364522,Transitorio
15842,Úmbita,2019,70.222088,Transitorio
15531,Pauna,2019,8.965618,Transitorio
15367,Jenesano,2019,43.303356,Transitorio
15494,Nuevo Colón,2019,27.508442,Transitorio
15763,Sotaquirá,2019,124.992962,Transitorio
15835,Turmequé,2019,44.362573,Transitorio
15109,Buenavista,2019,11.311953,Transitorio
15104,Boyacá,2019,79.041620,Transitorio
15696,Santa Sofía,2019,68.650932,Transitorio
15806,Tibasosa,2019,104.091071,Transitorio
15822,Tota,2019,117.295854,Transitorio
15755,Socotá,2019,88.771975,Transitorio
15542,Pesca,2019,280.077794,Transitorio
15580,Quípama,2019,15.662076,Transitorio
15638,Sáchica,2019,102.749932,Transitorio
15224,Cucaita,2019,114.361327,Transitorio
15832,Tununguá,2019,4.361794,Transitorio
15189,Ciénega,2019,61.330523,Transitorio
15600,Ráquira,2019,96.479604,Transitorio
15087,Belén,2019,70.256444,Transitorio
15599,Ramiriquí,2019,104.961117,Transitorio
15507,Otanche,2019,9.058367,Transitorio
15879,Viracachá,2019,99.113933,Transitorio
15368,Jericó,2019,89.012318,Transitorio
15480,Muzo,2019,12.824796,Transitorio
15759,Sogamoso,2019,123.017960,Transitorio
15131,Caldas,2019,105.774401,Transitorio
15762,Sora,2019,117.900441,Transitorio
15425,Macanal,2019,17.977395,Transitorio
15491,Nobsa,2019,183.575426,Transitorio
15511,Pachavita,2019,62.027196,Transitorio
15293,Gachantivá,2019,62.694718,Transitorio
15897,Zetaquira,2019,5.885337,Transitorio
15837,Tuta,2019,86.006292,Transitorio
15176,Chiquinquirá,2019,98.340527,Transitorio
15325,Guayatá,2019,50.321412,Transitorio
15218,Covarachía,2019,64.622118,Transitorio
15238,Duitama,2019,89.655237,Transitorio
15296,Gámeza,2019,96.414593,Transitorio
15097,Boavita,2019,31.935831,Transitorio
15272,Firavitoba,2019,110.882268,Transitorio
15500,Oicatá,2019,80.399542,Transitorio
15180,Chiscas,2019,79.772213,Transitorio
15380,La Capilla,2019,88.550485,Transitorio
15106,Briceño,2019,1.170960,Transitorio
15798,Tenza,2019,133.283984,Transitorio
15183,Chita,2019,100.794037,Transitorio
15774,Susacón,2019,60.527072,Transitorio
15681,San Pablo de Borbur,2019,14.056005,Transitorio
15516,Paipa,2019,82.841075,Transitorio
15377,Labranzagrande,2019,8.744641,Transitorio
15572,Puerto Boyacá,2019,39.900105,Transitorio
15514,Páez,2019,7.235812,Transitorio
15226,Cuítiva,2019,103.545196,Transitorio
15660,San Eduardo,2019,12.887250,Transitorio
15236,Chivor,2019,6.913733,Transitorio
15808,Tinjacá,2019,91.244460,Transitorio
15187,Chivatá,2019,50.142168,Transitorio
15022,Almeida,2019,25.710766,Transitorio
15753,Soatá,2019,34.362347,Transitorio
15244,El Cocuy,2019,91.172570,Transitorio
15135,Campohermoso,2019,22.969816,Transitorio
15673,San Mateo,2019,40.707826,Transitorio
15522,Panqueba,2019,70.101813,Transitorio
15518,Pajarito,2019,17.803585,Transitorio
15693,Santa Rosa de Viterbo,2019,91.695164,Transitorio
15820,Tópaga,2019,85.889922,Transitorio
15172,Chinavita,2019,16.474283,Transitorio
15215,Corrales,2019,106.514307,Transitorio
15464,Mongua,2019,133.606388,Transitorio
15466,Monguí,2019,91.362204,Transitorio
15810,Tipacoque,2019,26.654954,Transitorio
15621,Rondón,2019,29.903512,Transitorio
15090,Berbeo,2019,35.332875,Transitorio
15667,San Luis de Gaceno,2019,71.621622,Transitorio
15720,Sativanorte,2019,84.923825,Transitorio
15299,Garagoa,2019,27.423489,Transitorio
15317,Guacamayas,2019,60.482660,Transitorio
15690,Santa María,2019,26.785088,Transitorio
15676,San Miguel de Sema,2019,138.597791,Transitorio
15778,Sutatenza,2019,72.689064,Transitorio
15092,Betéitiva,2019,117.917245,Transitorio
15761,Somondoco,2019,48.580877,Transitorio
15248,El Espino,2019,83.490456,Transitorio
15757,Socha,2019,116.007849,Transitorio
15403,La Uvita,2019,67.944171,Transitorio
15533,Paya,2019,27.965509,Transitorio
15223,Cubará,2019,38.628995,Transitorio
15332,GÜICÁN DE LA SIERRA,2019,130.010646,Transitorio
15162,Cerinza,2019,65.028832,Transitorio
15401,La Victoria,2019,15.564931,Transitorio
15790,Tasco,2019,111.056411,Transitorio
15322,Guateque,2019,63.087585,Transitorio
15550,Pisba,2019,15.653810,Transitorio
15537,Paz de Río,2019,87.679083,Transitorio
15362,Iza,2019,43.638977,Transitorio
15276,Floresta,2019,179.502236,Transitorio
15723,Sativasur,2019,123.230502,Transitorio
15114,Busbanzá,2019,119.502956,Transitorio
